{
    "Data": [
      {
        "id": 1,
        "first_name": "لوكاس",
        "last_name": "",
        "position_name": "مدير",
        "phone": "+1 (614) 809-1267",
        "group_id": null
      },
      {
        "id": 2,
        "first_name": "بيغسام",
        "last_name": "",
        "position_name": "مدير البرنامج",
        "phone": "+1 (214) 531-3902",
        "group_id": null
      },
      {
        "id": 3,
        "first_name": "إيما",
        "last_name": "",
        "position_name": "مدير البرنامج",
        "phone": "+1 (973) 991-9818",
        "group_id": null
      },
      {
        "id": 4,
        "first_name": "راشيل",
        "last_name": "",
        "position_name": "قانون",
        "phone": "+1 (614) 616-3944",
        "group_id": null
      },
      {
        "id": 5,
        "first_name": "سينتيا",
        "last_name": "",
        "position_name": "قانون",
        "phone": "+1 (469) 224-0460",
        "group_id": null
      },
      {
        "id": 6,
        "first_name": "ساره",
        "last_name": "",
        "position_name": "الشؤون الإدارية",
        "phone": "+1 (856) 441-3104",
        "group_id": null
      },
      {
        "id": 7,
        "first_name": "سامانثا",
        "last_name": "",
        "position_name": "الشؤون الإدارية",
        "phone": "+1 (614) 616-3947",
        "group_id": null
      },
      {
        "id": 8,
        "first_name": "جوزيف",
        "last_name": "",
        "position_name": "مدير المجموعة",
        "phone": "+1 (814) 327-3995",
        "group_id": 1
      },
      {
        "id": 9,
        "first_name": "آنّا",
        "last_name": "",
        "position_name": "مدير المجموعة",
        "phone": "+1 (929) 269-4682",
        "group_id": 1
      },
      {
        "id": 10,
        "first_name": "كييث",
        "last_name": "",
        "position_name": "مدير المجموعة",
        "phone": "+1 (413) 449-8192",
        "group_id": 2
      },
      {
        "id": 11,
        "first_name": "براين",
        "last_name": "",
        "position_name": "مدير المجموعة",
        "phone": "+1 (479) 515-1664",
        "group_id": 2
      },
      {
        "id": 12,
        "first_name": "جيمي",
        "last_name": "",
        "position_name": "مدير المجموعة",
        "phone": "+1 (848) 328-0319",
        "group_id": 3
      },
      {
        "id": 13,
        "first_name": "إستفان",
        "last_name": "",
        "position_name": "مدير المجموعة",
        "phone": "+1 (442) 342-5090",
        "group_id": 3
      },
      {
        "id": 14,
        "first_name": "ستيفاني",
        "last_name": "",
        "position_name": "مدير المجموعة",
        "phone": "+1 (872) 204-1964",
        "group_id": 4
      },
      {
        "id": 15,
        "first_name": "جو",
        "last_name": "",
        "position_name": "مدير المجموعة",
        "phone": "+1 (269) 352-0279",
        "group_id": 4
      },
      {
        "id": 16,
        "first_name": "الين",
        "last_name": "",
        "position_name": "مدير المجموعة",
        "phone": "+1 (201) 898-2401",
        "group_id": 5
      },
      {
        "id": 17,
        "first_name": "ليو",
        "last_name": "",
        "position_name": "مدير المجموعة",
        "phone": "+1 (361) 359-0206",
        "group_id": 5
      },
      {
        "id": 18,
        "first_name": "ستور",
        "last_name": "4",
        "position_name": "مدير المتجر",
        "phone": "+1 (614) 671-5910",
        "group_id": 1
      },
      {
        "id": 19,
        "first_name": "ستور",
        "last_name": "6",
        "position_name": "مدير المتجر",
        "phone": "+1 (614) 671-5910",
        "group_id": 1
      },
      {
        "id": 20,
        "first_name": "ستور",
        "last_name": "10",
        "position_name": "مدير المتجر",
        "phone": "+1 (614) 671-5910",
        "group_id": 1
      },
      {
        "id": 21,
        "first_name": "ستور",
        "last_name": "15",
        "position_name": "مدير المتجر",
        "phone": "+1 (614) 671-5910",
        "group_id": 1
      },
      {
        "id": 22,
        "first_name": "ستور",
        "last_name": "20",
        "position_name": "مدير المتجر",
        "phone": "+1 (614) 671-5910",
        "group_id": 1
      },
      {
        "id": 23,
        "first_name": "ستور",
        "last_name": "5",
        "position_name": "مدير المتجر",
        "phone": "+1 (614) 671-5910",
        "group_id": 2
      },
      {
        "id": 24,
        "first_name": "ستور",
        "last_name": "8",
        "position_name": "مدير المتجر",
        "phone": "+1 (614) 671-5910",
        "group_id": 2
      },
      {
        "id": 25,
        "first_name": "ستور",
        "last_name": "21",
        "position_name": "مدير المتجر",
        "phone": "+1 (614) 671-5910",
        "group_id": 2
      },
      {
        "id": 26,
        "first_name": "ستور",
        "last_name": "22",
        "position_name": "مدير المتجر",
        "phone": "+1 (614) 671-5910",
        "group_id": 2
      },
      {
        "id": 27,
        "first_name": "ستور",
        "last_name": "2",
        "position_name": "مدير المتجر",
        "phone": "+1 (614) 671-5910",
        "group_id": 3
      },
      {
        "id": 28,
        "first_name": "ستور",
        "last_name": "3",
        "position_name": "مدير المتجر",
        "phone": "+1 (614) 671-5910",
        "group_id": 3
      },
      {
        "id": 29,
        "first_name": "ستور",
        "last_name": "12",
        "position_name": "مدير المتجر",
        "phone": "+1 (614) 671-5910",
        "group_id": 3
      },
      {
        "id": 30,
        "first_name": "ستور",
        "last_name": "17",
        "position_name": "مدير المتجر",
        "phone": "+1 (614) 671-5910",
        "group_id": 3
      },
      {
        "id": 31,
        "first_name": "ستور",
        "last_name": "11",
        "position_name": "مدير المتجر",
        "phone": "+1 (614) 671-5910",
        "group_id": 4
      },
      {
        "id": 32,
        "first_name": "ستور",
        "last_name": "13",
        "position_name": "مدير المتجر",
        "phone": "+1 (614) 671-5910",
        "group_id": 4
      },
      {
        "id": 33,
        "first_name": "ستور",
        "last_name": "14",
        "position_name": "مدير المتجر",
        "phone": "+1 (614) 671-5910",
        "group_id": 4
      },
      {
        "id": 34,
        "first_name": "ستور",
        "last_name": "18",
        "position_name": "مدير المتجر",
        "phone": "+1 (614) 671-5910",
        "group_id": 4
      },
      {
        "id": 35,
        "first_name": "ستور",
        "last_name": "1",
        "position_name": "مدير المتجر",
        "phone": "+1 (614) 671-5910",
        "group_id": 5
      },
      {
        "id": 36,
        "first_name": "ستور",
        "last_name": "7",
        "position_name": "مدير المتجر",
        "phone": "+1 (614) 671-5910",
        "group_id": 5
      },
      {
        "id": 37,
        "first_name": "ستور",
        "last_name": "9",
        "position_name": "مدير المتجر",
        "phone": "+1 (614) 671-5910",
        "group_id": 5
      },
      {
        "id": 38,
        "first_name": "ستور",
        "last_name": "16",
        "position_name": "مدير المتجر",
        "phone": "+1 (614) 671-5910",
        "group_id": 5
      },
      {
        "id": 39,
        "first_name": "ستور",
        "last_name": "19",
        "position_name": "مدير المتجر",
        "phone": "+1 (614) 671-5910",
        "group_id": 5
      },
      {
        "id": 40,
        "first_name": "روبيرت",
        "last_name": "",
        "position_name": "الصيانة",
        "phone": "+1 (614) 616-3944",
        "group_id": null
      },
      {
        "id": 41,
        "first_name": "مالكوم",
        "last_name": "",
        "position_name": "التسويق",
        "phone": "+1 (940) 441-2239",
        "group_id": null
      }
    ]
  }
  